/*
Navicat MySQL Data Transfer

Source Server         : localhost_3306
Source Server Version : 50536
Source Host           : localhost:3306
Source Database       : customers

Target Server Type    : MYSQL
Target Server Version : 50536
File Encoding         : 65001

Date: 2019-06-28 06:45:09
*/

SET FOREIGN_KEY_CHECKS=0;

-- ----------------------------
-- Table structure for book
-- ----------------------------
DROP TABLE IF EXISTS `book`;
CREATE TABLE `book` (
  `bid` char(32) NOT NULL,
  `bname` varchar(100) DEFAULT NULL,
  `price` decimal(5,1) DEFAULT NULL,
  `author` varchar(20) DEFAULT NULL,
  `image` varchar(200) DEFAULT NULL,
  `cid` char(32) DEFAULT NULL,
  `del` tinyint(1) DEFAULT NULL,
  PRIMARY KEY (`bid`),
  KEY `cid` (`cid`),
  CONSTRAINT `book_ibfk_1` FOREIGN KEY (`cid`) REFERENCES `category` (`cid`)
) ENGINE=InnoDB DEFAULT CHARSET=utf8;

-- ----------------------------
-- Records of book
-- ----------------------------
INSERT INTO `book` VALUES ('009B54EC3729453A9E92071FCA641EE5', 'Java虚拟机', '67.5', '陈华雄', 'book_img/A39CE8F6DB90440FAB43840EB70CFE43_修改.png', '1', '1');
INSERT INTO `book` VALUES ('03B66D4447A9436D84A4848B25B35914', '深入理解Vue.js', '57.8', 'Richard', 'book_img/414811D4402A4E82A11DF0F3DF8FE6A6_26922892-1_b_12.jpg', '2', '0');
INSERT INTO `book` VALUES ('0BA1C411BA30402F89B19F48FF570F66', 'Java虚拟机', '63.2', 'Jams', 'book_img/C5BB2F0FE9464B13A45AB093C577B23E_b.jpg', '1', '1');
INSERT INTO `book` VALUES ('1', 'Java编程思想（第4版）', '75.6', '亚瑟', 'book_img/9317290-1_l.jpg', '1', '0');
INSERT INTO `book` VALUES ('14D5720776A941F98D6801415F509516', 'MySQL技术内幕', '56.9', 'TJ', 'book_img/F7AEACE229B34E309402D88B6016EA10_23255589-1_b_1.jpg', '3', '0');
INSERT INTO `book` VALUES ('1723131A62F947448A8DC4439D64A90C', 'JS程序设计', '23.0', '蒋明', 'book_img/4748D160B62A42F68BCB3B4C689160DE_320667574345143521.jpg', '2', '0');
INSERT INTO `book` VALUES ('1999047A13E24F3F965A517CF37FCD7A', 'Java核心技术卷1', '100.0', 'jack', 'book_img/EC502251113946F9B290D5C32CC244A3_24035306-1_b_6.jpg', '1', '0');
INSERT INTO `book` VALUES ('2', 'Java核心技术卷1', '68.5', 'qdmmy6', 'book_img/20285763-1_l.jpg', '1', '1');
INSERT INTO `book` VALUES ('3', 'Java就业培训教程', '39.9', '张孝祥', 'book_img/8758723-1_l.jpg', '1', '1');
INSERT INTO `book` VALUES ('4', 'Head First java', '47.5', '（美）塞若', 'book_img/9265169-1_l.jpg', '1', '1');
INSERT INTO `book` VALUES ('40375841B21A40C989B8CBE1CC33505D', '计算机系统', '68.5', '托马斯', 'book_img/C8A61547B2B74603A5E9D95240D1F946_24106647-1_b_6.jpg', '9C7D73A34FBF4FB1BE63218DB5E89882', '0');
INSERT INTO `book` VALUES ('5', 'JavaWeb开发详解', '83.3', '孙鑫', 'book_img/22788412-1_l.jpg', '2', '1');
INSERT INTO `book` VALUES ('6', 'Struts2深入详解', '63.2', '孙鑫', 'book_img/20385925-1_l.jpg', '2', '1');
INSERT INTO `book` VALUES ('66992D05D5AF4711A46B5153389D73FE', '数据结构（C语言版）', '30.6', 'Murphy', 'book_img/8C32E7D9CC0B43599B6CD6CDD6453A0C_25314048-1_b_4.jpg', '1C25B665101B488BBFDA6243773831BE', '0');
INSERT INTO `book` VALUES ('7', '精通Hibernate', '30.0', '孙卫琴', 'book_img/8991366-1_l.jpg', '2', '1');
INSERT INTO `book` VALUES ('7638F180B48A44E580E0D55CCAC72E9C', 'Java虚拟机', '67.5', 'Jams', 'book_img/E2AB8C83D141404EBAE3735185C541F0_b.jpg', '1', '1');
INSERT INTO `book` VALUES ('8', '精通Spring2.x', '63.2', '陈华雄', 'book_img/20029394-1_l.jpg', '2', '1');
INSERT INTO `book` VALUES ('8BBF08B054B445BBA3853DF893F4B8B7', 'Javascript权威指南', '77.6', 'CRonaldo', 'book_img/016E9E1662F844F28DDD26C5F0321FE0_22722790-1_b_6.jpg', '2', '0');
INSERT INTO `book` VALUES ('8F19228D79B34AE9B604689E2D08C392', 'kjjd', '100.0', '蒋明亮', 'book_img/2588747F9A35422899837A99DB0D837F_320667574345143521.jpg', '1', '1');
INSERT INTO `book` VALUES ('9', 'Javascript权威指南', '93.6', '（美）弗兰纳根', 'book_img/22722790-1_l.jpg', '3', '1');
INSERT INTO `book` VALUES ('A1830DD50812495F99945193C5589581', '深入理解Java虚拟机', '59.9', '托马斯', 'book_img/09EF45BC2F0D41F7ADA0D0C73B6B7631_23259731-1_b_0.jpg', '1', '0');
INSERT INTO `book` VALUES ('B5F4FCBFC7B843BF899652D6BC5C3201', 'Java虚拟机', '67.5', 'Jams', 'book_img/9C09AC19D80648C3BB544A60CE48B29D_b.jpg', '1', '1');
INSERT INTO `book` VALUES ('BABC62E7257A4F81ABC4E8CECC1074FF', '高性能MySQL', '66.9', '老刘', 'book_img/41B8FC6E92244C7381A226ADBC877947_23214590-1_b_9.jpg', '3', '0');
INSERT INTO `book` VALUES ('C9B49BA814FB498A82CCEA86DF3EEEB5', 'Java虚拟机', '67.5', 'Jams', 'book_img/DDF3E86845C648C480B9D7A617AEB9AC_b.jpg', '1', '1');
INSERT INTO `book` VALUES ('CE69BCB725DF43258C27E6F8E1FDB69F', '码出高效', '111.0', '阿里巴巴', 'book_img/AAF53B4946994AB291A1C505BCEB3E62_27444749-1_b_2.jpg', '9C7D73A34FBF4FB1BE63218DB5E89882', '0');
INSERT INTO `book` VALUES ('D2007E70FB264CF3A4F0672F1AC32B0A', 'Java并发编程的艺术', '70.9', '孙鑫', 'book_img/721DFCBD18BB4AC4B3AD6D9F336FD059_23745571-1_b_1.jpg', '1', '0');
INSERT INTO `book` VALUES ('D93FC57C48B1404AA64AB855E58AF481', 'Java虚拟机', '67.5', 'Jams', 'book_img/CEACEE5A1DE64BE4BF494EE4BFA6AD83_修改.png', '2', '1');
INSERT INTO `book` VALUES ('E83F6D72B017413388A072A807CA5019', 'React进阶之路', '47.3', 'John', 'book_img/F3E5501654EE4061947CEB1954F3B838_25249546-1_b_3.jpg', '2', '0');
INSERT INTO `book` VALUES ('EDD4A070F15F4C539C5D6599F5C8DF62', 'Java虚拟机', '67.5', 'Jams', 'book_img/B4EBE05D45944E9596C7743514C6B3C5_b.jpg', '1', '1');
INSERT INTO `book` VALUES ('F16BA37813B64515B23C8CA3F1C74B37', '大型网站技术架构', '81.9', 'Martin', 'book_img/AC8748A68EC24422B5DD3D669745AB88_23334733-1_b_4.jpg', '9C7D73A34FBF4FB1BE63218DB5E89882', '0');

-- ----------------------------
-- Table structure for category
-- ----------------------------
DROP TABLE IF EXISTS `category`;
CREATE TABLE `category` (
  `cid` char(32) NOT NULL,
  `cname` varchar(100) NOT NULL,
  PRIMARY KEY (`cid`)
) ENGINE=InnoDB DEFAULT CHARSET=utf8;

-- ----------------------------
-- Records of category
-- ----------------------------
INSERT INTO `category` VALUES ('1', 'Java');
INSERT INTO `category` VALUES ('1C25B665101B488BBFDA6243773831BE', '数据结构');
INSERT INTO `category` VALUES ('2', '前端');
INSERT INTO `category` VALUES ('3', '数据库');
INSERT INTO `category` VALUES ('3C588AD0049B4E41A45A73519B40FFD7', '大数据');
INSERT INTO `category` VALUES ('5D0FDACDE72E443DB72DD51AB7F27213', '大数据');
INSERT INTO `category` VALUES ('9C7D73A34FBF4FB1BE63218DB5E89882', '计算机技术');

-- ----------------------------
-- Table structure for orderitem
-- ----------------------------
DROP TABLE IF EXISTS `orderitem`;
CREATE TABLE `orderitem` (
  `iid` char(32) NOT NULL,
  `count` int(11) DEFAULT NULL,
  `subtotal` decimal(10,2) DEFAULT NULL,
  `oid` char(32) DEFAULT NULL,
  `bid` char(32) DEFAULT NULL,
  PRIMARY KEY (`iid`),
  KEY `oid` (`oid`),
  KEY `bid` (`bid`),
  CONSTRAINT `orderitem_ibfk_1` FOREIGN KEY (`oid`) REFERENCES `orders` (`oid`),
  CONSTRAINT `orderitem_ibfk_2` FOREIGN KEY (`bid`) REFERENCES `book` (`bid`)
) ENGINE=InnoDB DEFAULT CHARSET=utf8;

-- ----------------------------
-- Records of orderitem
-- ----------------------------
INSERT INTO `orderitem` VALUES ('0084897D71A643B682CB1DC7DB876806', '1', '75.60', 'DDADEAD3EC1E46A7AEE8F7383087FF63', '1');
INSERT INTO `orderitem` VALUES ('019087300632462DBF474369604E3BEB', '1', '47.50', 'F918DC1CA388454EBB15DAD251D47CA4', '4');
INSERT INTO `orderitem` VALUES ('03B369FD7D85466B82CA8C58BE175A26', '1', '63.20', 'AB95D2B81B314B369356855E54C50FEB', '8');
INSERT INTO `orderitem` VALUES ('0974A6C6B1F2454AA066E54BC47AAE2D', '1', '75.60', '09C097B4AB264644B00E4049C8E475B9', '1');
INSERT INTO `orderitem` VALUES ('0BF3F452CFB34FD1B62262A214E94B45', '1', '68.50', 'E6EE8972B1F34AF8865C3D889E4200DA', '2');
INSERT INTO `orderitem` VALUES ('0D296244F9524DB09702DF8A95029D27', '1', '83.30', 'A0F166A9EAF94A519B6E8BCBA3F75E0D', '5');
INSERT INTO `orderitem` VALUES ('11FD384C542049D68EF0B24DA82D859A', '1', '39.90', 'F63090C7CA4540D2A47E01856EE1C3A6', '3');
INSERT INTO `orderitem` VALUES ('29503474E81F489087D292EF26CE53FF', '100', '6850.00', '36498598E76D489F9A984F08C436EADA', '2');
INSERT INTO `orderitem` VALUES ('2C738E7FF1344148A6C1B3352F1D322E', '100', '6850.00', 'D5EF08986C2B4D6EA91F1FC5640E89D5', '2');
INSERT INTO `orderitem` VALUES ('2E926A2EB072492A9F09EB67F060B8A7', '1', '68.50', '1F6CF10F7BB74074BDDE0B63B585FAFD', '2');
INSERT INTO `orderitem` VALUES ('2ECCBA1B4B294BB19A89AB1EFA2941D2', '1', '68.50', '2485FB1B653B4ED0BBE9CB5B8025EFBC', '2');
INSERT INTO `orderitem` VALUES ('3009DE8407D640FCA344187C34A0CD8A', '1', '47.50', 'A0DF56325DCD458689235D4987057FA8', '4');
INSERT INTO `orderitem` VALUES ('314EAF4EDAD848C4B4DC73D4FE29BF5F', '1', '39.90', '41F0EDB22A7A465BA85EC9904684F2C5', '3');
INSERT INTO `orderitem` VALUES ('37CD0754056E4516BB6C1578B8EDF084', '1', '63.20', '5E0705B920EC442BAEAB2736D5A35502', '6');
INSERT INTO `orderitem` VALUES ('3C8CB0A41D884D1B9E47BFBA3DC3E44A', '10', '833.00', 'CB42ABAF9038418380A94A9EE192EFCF', '5');
INSERT INTO `orderitem` VALUES ('4C150EFB099144F9A49FEAAEC5CCBF47', '1', '47.50', 'E75705EAB01E4B9AAB82814DF003A422', '4');
INSERT INTO `orderitem` VALUES ('501E05413AB145508B82BE47C4FD09DA', '1', '75.60', '8C843C85AE2546B28E7A520FDFE159B2', '1');
INSERT INTO `orderitem` VALUES ('5180F16CC8124419926890CB3371689E', '1', '68.50', '12D8E8A343B246608D43574C2ED59E84', '2');
INSERT INTO `orderitem` VALUES ('55D96A2A7FB041C4B7FAD3463CF3A05A', '1', '75.60', '44FC09150E65451A8BC6D483FDF3688F', '1');
INSERT INTO `orderitem` VALUES ('571DBFB12B904CE1B317FA849537D63B', '1', '75.60', 'E820A0B677FE4413AE166CDCD9C81B49', '1');
INSERT INTO `orderitem` VALUES ('5E1B3CDA21E34F24A7EF78338CC95634', '1', '68.50', '6F1033C5A8E64D3792A4982FDECA2F9A', '2');
INSERT INTO `orderitem` VALUES ('65815DABA353485985B7A56396D3C48A', '1', '75.60', '98CB1FA545C64BA0AD4849351D209985', '1');
INSERT INTO `orderitem` VALUES ('660E180D68FD410599246C379F5EB34F', '1', '63.20', 'EBDC023240264DCF95AE42E7BF0DC92F', '6');
INSERT INTO `orderitem` VALUES ('6B7886CE6B5F4BCAAFFA6D1BE004B45C', '1', '75.60', '32BB15D62B1242D099543787CECC31EC', '1');
INSERT INTO `orderitem` VALUES ('6BEF452120294D23894FEEE3E15E5868', '1', '83.30', '84BB17E214A642FCA69FAB4AC26C11BF', '5');
INSERT INTO `orderitem` VALUES ('7118E3BDE16D40D1BD39B59D882474F9', '1', '39.90', '6F56329652BD42A7BB5A51E188047ACB', '3');
INSERT INTO `orderitem` VALUES ('75CDEEDD8098484CA0FF036F65EC53B7', '1', '39.90', '5E0705B920EC442BAEAB2736D5A35502', '3');
INSERT INTO `orderitem` VALUES ('777B599403C44B6D813D79E4DD1D5A59', '1', '75.60', 'C8A570D2A4F24EC78E937591E98CDB55', '1');
INSERT INTO `orderitem` VALUES ('780EDECA78EE441E9CD15085D7770E1F', '1', '68.50', 'F16F98B9A8664DFBB36D48A0EABFAA7B', '2');
INSERT INTO `orderitem` VALUES ('7B9C12FD22B14780BCFF122B020827D4', '1', '39.90', '413D192B39E447019138EB47B3426E19', '3');
INSERT INTO `orderitem` VALUES ('7ED6050E1C134B4FB5406ADEA58DEF09', '1', '75.60', 'F2C987E01A2A4E70AF7AEBE665330CC9', '1');
INSERT INTO `orderitem` VALUES ('7F7F8057425E4FDDB821285D9C1C6E97', '1', '30.00', 'F0BD4C37023A44A4BDFE437B0278D4CF', '7');
INSERT INTO `orderitem` VALUES ('80D076812AAD445C939F44E31FE7A691', '1', '68.50', '61047C7F8A9D4EE09D254DCE7F70A577', '2');
INSERT INTO `orderitem` VALUES ('85B63FB6744448228F022128AD3A0620', '1', '68.50', '3759BC2DBD0E4243920259B1DAC7E1BF', '2');
INSERT INTO `orderitem` VALUES ('869070F46C634077831AD3C67EEABF33', '1', '47.50', '689CE01F52BA49769D844D505BC9F146', '4');
INSERT INTO `orderitem` VALUES ('87CCB2749D734B6D98F2F2B30CD13B72', '1', '93.60', '5E0705B920EC442BAEAB2736D5A35502', '9');
INSERT INTO `orderitem` VALUES ('8CE969ED2AF147EF86F1CC59166AEFE1', '1', '30.00', 'EEF6440630C64EB5B3F26606B140B717', '7');
INSERT INTO `orderitem` VALUES ('91FE8D35DB9E405C9672F14AA5973B57', '1', '75.60', '9775EC8EDCA14C08A688806972CDEC79', '1');
INSERT INTO `orderitem` VALUES ('9673A5208FAC4B99A69E608849572632', '1', '39.90', '7740C117AA364245BBD71CC1F2472FD0', '3');
INSERT INTO `orderitem` VALUES ('9D9932F5A42B4F04BE3FC206BE6BFCCC', '1', '83.30', 'C34F6735B0E941C7992994A597C4909E', '5');
INSERT INTO `orderitem` VALUES ('9E7C16E6D717411598B5E8D5F72A580F', '1', '63.20', '48545C09B526471F85DEF9365C3653F9', '8');
INSERT INTO `orderitem` VALUES ('9FB6A81D0971408A9AF88E8E28ABF14B', '100', '7560.00', 'DDCE703F95554F738199E949F59378B1', '1');
INSERT INTO `orderitem` VALUES ('A1ED57594FE14F06BF7A437E03434662', '1', '75.60', 'EC3078BB15994A47B06F7198AED5198A', '1');
INSERT INTO `orderitem` VALUES ('A6AD6E5382F248B3BEBAD8B80BDA28A1', '1', '75.60', 'DC3B9C6AB6324297B5C1D59E45731844', '1');
INSERT INTO `orderitem` VALUES ('A838AC5E6BCE4F619CB812605FE89F1E', '1', '75.60', '865F4CADF4964895AC568C18C24F986A', '1');
INSERT INTO `orderitem` VALUES ('A955FDF9AD3941EEAAC9B05222C54864', '1', '39.90', '4E900F9E06644886A68DB42949B97EB8', '3');
INSERT INTO `orderitem` VALUES ('AE58F82759454A64AC42F60EC69B20AA', '10', '632.00', '2C433C4D57684139A1669F46B955FB36', '8');
INSERT INTO `orderitem` VALUES ('B71D9DD9E5A740A2B590ECB1049C0C2B', '1', '47.50', '024027CA1D664292BFE09D9815C45DC4', '4');
INSERT INTO `orderitem` VALUES ('B8687F1602F44DDB87960AEC5B3044EE', '1', '68.50', '248AD61B37484FFC8D1FF9159C1A84F0', '2');
INSERT INTO `orderitem` VALUES ('BAECBBBD221B4B6DB13D491C98170102', '1', '39.90', 'F5A227E822654AE1BE8AFF91F81D50A5', '3');
INSERT INTO `orderitem` VALUES ('BC2A5679D67B48DFB80F80A8A8A79A77', '1', '75.60', '61047C7F8A9D4EE09D254DCE7F70A577', '1');
INSERT INTO `orderitem` VALUES ('BCD86C2BF4A5403F9E7BC39ABD72707B', '1', '30.00', '5C60FB50E2D94B4285BDF2F20251D8E2', '7');
INSERT INTO `orderitem` VALUES ('C0A7650E1D6447BCAAD4C48179772C20', '1', '75.60', 'FDA5360B214C494B8B05E1F269940FD8', '1');
INSERT INTO `orderitem` VALUES ('C1A51F4420AE45869A4AD4205BDD8C2F', '1', '39.90', '26F800F703A740188F0458085DB5A304', '3');
INSERT INTO `orderitem` VALUES ('C505017D39034CEE81DC621A39BDFB77', '1000', '75600.00', 'B057287D3D8E4A0BA3E5BB0242438B6B', '1');
INSERT INTO `orderitem` VALUES ('C918438C48BB4A289D1CC31A6039DA31', '1', '63.20', '4A89858EAD054651ACFA5A561C963CF5', '8');
INSERT INTO `orderitem` VALUES ('D04C5B03CEBC46918D5585A8D919EDCE', '1', '30.00', '0C74225DF3AF47828488C31BA294C622', '7');
INSERT INTO `orderitem` VALUES ('D4AB9B51DCDD4A07B8AFE7D07099BC67', '1', '75.60', '30723C93F4D047D6AE8F99C41CC73CDC', '1');
INSERT INTO `orderitem` VALUES ('D4B34B180693425B83F37F6D6B432973', '1000', '57800.00', '1F92A2D330D741B3AB1F9A4BD05228F9', '03B66D4447A9436D84A4848B25B35914');
INSERT INTO `orderitem` VALUES ('DC801FEA77EA427CB281F75B89A63272', '1000', '39900.00', 'AEA7D2CDB5C349E5806ECA132F08C7C3', '3');
INSERT INTO `orderitem` VALUES ('DD7B43D09B774CECB0FB892CDE5A3F16', '1', '30.00', '61047C7F8A9D4EE09D254DCE7F70A577', '7');
INSERT INTO `orderitem` VALUES ('E16570C17DF6485D8271D99E1D6B3A18', '1', '63.20', '6F19C553CD564225B405CC11B53D4E5B', '8');
INSERT INTO `orderitem` VALUES ('EBB3C8FF26754832960109F4D3D6DBB6', '1', '68.50', '03E44448CD34448E84688613EDC68132', '2');
INSERT INTO `orderitem` VALUES ('EE7D583435DB43D5970F4B68ABDF2456', '1', '83.30', 'F5BCD2B4C9604C34991210DFA20B710B', '5');
INSERT INTO `orderitem` VALUES ('F300806D96FA45E0AA5DF9C2EE637484', '1', '47.50', '0C855B4A6CCF42A58A6B4539DABF4CB9', '4');
INSERT INTO `orderitem` VALUES ('F4EB82249DED40619C3C51BDA46D44FD', '1', '83.30', '27FF0651341442109EFCCFAF282C71FA', '5');
INSERT INTO `orderitem` VALUES ('F60C3F91027E4CC99F17E9C962B2156D', '1000', '68500.00', 'EBE816C42F3A477B9D370C2F0489D19B', '2');
INSERT INTO `orderitem` VALUES ('F7700F4C0C554BCE99E8BFCD317550EE', '1', '63.20', 'E5AC485F22DD49EF9F38109B34E9670F', '8');
INSERT INTO `orderitem` VALUES ('F98672AF9650435D8F1D7FF2C1CFB54F', '1', '83.30', '13AB33A124694492820AC6D98E4027E7', '5');

-- ----------------------------
-- Table structure for orders
-- ----------------------------
DROP TABLE IF EXISTS `orders`;
CREATE TABLE `orders` (
  `oid` char(32) NOT NULL,
  `ordertime` datetime DEFAULT NULL,
  `total` decimal(10,2) DEFAULT NULL,
  `state` smallint(1) DEFAULT NULL,
  `uid` char(32) DEFAULT NULL,
  `address` varchar(200) DEFAULT NULL,
  PRIMARY KEY (`oid`),
  KEY `uid` (`uid`),
  CONSTRAINT `orders_ibfk_1` FOREIGN KEY (`uid`) REFERENCES `tb_user` (`uid`)
) ENGINE=InnoDB DEFAULT CHARSET=utf8;

-- ----------------------------
-- Records of orders
-- ----------------------------
INSERT INTO `orders` VALUES ('024027CA1D664292BFE09D9815C45DC4', '2019-06-27 23:36:46', '47.50', '3', 'A6C9F14CD1974BC39179DD2D8B43FE4D', null);
INSERT INTO `orders` VALUES ('03E44448CD34448E84688613EDC68132', '2019-06-27 22:16:15', '68.50', '3', 'A6C9F14CD1974BC39179DD2D8B43FE4D', null);
INSERT INTO `orders` VALUES ('09C097B4AB264644B00E4049C8E475B9', '2019-06-28 01:17:13', '75.60', '3', 'A6C9F14CD1974BC39179DD2D8B43FE4D', null);
INSERT INTO `orders` VALUES ('0C74225DF3AF47828488C31BA294C622', '2019-06-28 02:00:47', '30.00', '3', 'A6C9F14CD1974BC39179DD2D8B43FE4D', null);
INSERT INTO `orders` VALUES ('0C855B4A6CCF42A58A6B4539DABF4CB9', '2019-06-28 02:35:25', '47.50', '1', 'A6C9F14CD1974BC39179DD2D8B43FE4D', null);
INSERT INTO `orders` VALUES ('12D8E8A343B246608D43574C2ED59E84', '2019-05-08 16:56:30', '68.50', '4', 'A6C9F14CD1974BC39179DD2D8B43FE4D', null);
INSERT INTO `orders` VALUES ('13AB33A124694492820AC6D98E4027E7', '2019-06-28 00:01:50', '83.30', '2', 'A6C9F14CD1974BC39179DD2D8B43FE4D', null);
INSERT INTO `orders` VALUES ('1F6CF10F7BB74074BDDE0B63B585FAFD', '2019-05-05 18:31:37', '68.50', '4', 'A6C9F14CD1974BC39179DD2D8B43FE4D', null);
INSERT INTO `orders` VALUES ('1F92A2D330D741B3AB1F9A4BD05228F9', '2019-06-28 05:50:29', '57800.00', '2', 'A6C9F14CD1974BC39179DD2D8B43FE4D', null);
INSERT INTO `orders` VALUES ('2485FB1B653B4ED0BBE9CB5B8025EFBC', '2019-06-28 01:17:57', '68.50', '1', 'A6C9F14CD1974BC39179DD2D8B43FE4D', null);
INSERT INTO `orders` VALUES ('248AD61B37484FFC8D1FF9159C1A84F0', '2019-06-24 20:33:02', '68.50', '3', '82D93D920608414B8E8A56B9A17C6ECC', null);
INSERT INTO `orders` VALUES ('26F800F703A740188F0458085DB5A304', '2019-06-28 00:04:35', '39.90', '2', 'A6C9F14CD1974BC39179DD2D8B43FE4D', null);
INSERT INTO `orders` VALUES ('27FF0651341442109EFCCFAF282C71FA', '2019-06-28 00:51:08', '83.30', '2', 'A6C9F14CD1974BC39179DD2D8B43FE4D', null);
INSERT INTO `orders` VALUES ('2C433C4D57684139A1669F46B955FB36', '2019-06-28 02:21:07', '632.00', '1', 'A6C9F14CD1974BC39179DD2D8B43FE4D', null);
INSERT INTO `orders` VALUES ('30723C93F4D047D6AE8F99C41CC73CDC', '2019-06-27 23:25:23', '75.60', '2', 'A6C9F14CD1974BC39179DD2D8B43FE4D', null);
INSERT INTO `orders` VALUES ('32BB15D62B1242D099543787CECC31EC', '2019-06-28 01:58:42', '75.60', '1', 'A6C9F14CD1974BC39179DD2D8B43FE4D', null);
INSERT INTO `orders` VALUES ('36498598E76D489F9A984F08C436EADA', '2019-06-26 00:59:01', '6850.00', '2', 'A6C9F14CD1974BC39179DD2D8B43FE4D', null);
INSERT INTO `orders` VALUES ('3759BC2DBD0E4243920259B1DAC7E1BF', '2019-06-28 01:48:57', '68.50', '1', 'A6C9F14CD1974BC39179DD2D8B43FE4D', null);
INSERT INTO `orders` VALUES ('413D192B39E447019138EB47B3426E19', '2019-06-28 00:44:06', '39.90', '1', 'A6C9F14CD1974BC39179DD2D8B43FE4D', null);
INSERT INTO `orders` VALUES ('41F0EDB22A7A465BA85EC9904684F2C5', '2019-06-27 23:20:54', '39.90', '2', 'A6C9F14CD1974BC39179DD2D8B43FE4D', null);
INSERT INTO `orders` VALUES ('44FC09150E65451A8BC6D483FDF3688F', '0000-00-00 00:00:00', '75.60', '4', 'A6C9F14CD1974BC39179DD2D8B43FE4D', null);
INSERT INTO `orders` VALUES ('48545C09B526471F85DEF9365C3653F9', '2019-06-28 00:45:09', '63.20', '1', 'A6C9F14CD1974BC39179DD2D8B43FE4D', null);
INSERT INTO `orders` VALUES ('4A89858EAD054651ACFA5A561C963CF5', '2019-06-28 02:35:41', '63.20', '2', 'A6C9F14CD1974BC39179DD2D8B43FE4D', null);
INSERT INTO `orders` VALUES ('4E900F9E06644886A68DB42949B97EB8', '2019-06-28 01:27:16', '39.90', '1', 'A6C9F14CD1974BC39179DD2D8B43FE4D', null);
INSERT INTO `orders` VALUES ('5C60FB50E2D94B4285BDF2F20251D8E2', '2019-06-27 23:23:30', '30.00', '2', 'A6C9F14CD1974BC39179DD2D8B43FE4D', null);
INSERT INTO `orders` VALUES ('5E0705B920EC442BAEAB2736D5A35502', '2019-05-05 18:27:21', '196.70', '4', 'A6C9F14CD1974BC39179DD2D8B43FE4D', null);
INSERT INTO `orders` VALUES ('61047C7F8A9D4EE09D254DCE7F70A577', '2019-05-05 18:25:17', '174.10', '2', 'A6C9F14CD1974BC39179DD2D8B43FE4D', null);
INSERT INTO `orders` VALUES ('63C49F8B6FDB44818E2B3540555961C1', '2019-06-27 23:27:58', '0.00', '1', 'A6C9F14CD1974BC39179DD2D8B43FE4D', null);
INSERT INTO `orders` VALUES ('689CE01F52BA49769D844D505BC9F146', '2019-06-28 02:38:16', '47.50', '2', 'A6C9F14CD1974BC39179DD2D8B43FE4D', null);
INSERT INTO `orders` VALUES ('6F1033C5A8E64D3792A4982FDECA2F9A', '2019-06-28 02:17:00', '68.50', '1', 'A6C9F14CD1974BC39179DD2D8B43FE4D', null);
INSERT INTO `orders` VALUES ('6F19C553CD564225B405CC11B53D4E5B', '2019-06-28 01:30:35', '63.20', '1', 'A6C9F14CD1974BC39179DD2D8B43FE4D', null);
INSERT INTO `orders` VALUES ('6F56329652BD42A7BB5A51E188047ACB', '2019-06-27 23:38:52', '39.90', '2', 'A6C9F14CD1974BC39179DD2D8B43FE4D', null);
INSERT INTO `orders` VALUES ('7740C117AA364245BBD71CC1F2472FD0', '2019-06-28 00:45:57', '39.90', '1', 'A6C9F14CD1974BC39179DD2D8B43FE4D', null);
INSERT INTO `orders` VALUES ('84BB17E214A642FCA69FAB4AC26C11BF', '2019-06-28 01:07:27', '83.30', '2', 'A6C9F14CD1974BC39179DD2D8B43FE4D', null);
INSERT INTO `orders` VALUES ('865F4CADF4964895AC568C18C24F986A', '2019-06-28 02:03:29', '75.60', '1', 'A6C9F14CD1974BC39179DD2D8B43FE4D', null);
INSERT INTO `orders` VALUES ('8C843C85AE2546B28E7A520FDFE159B2', '2019-06-28 02:30:23', '75.60', '2', 'A6C9F14CD1974BC39179DD2D8B43FE4D', null);
INSERT INTO `orders` VALUES ('9775EC8EDCA14C08A688806972CDEC79', '2019-06-28 00:42:45', '75.60', '1', 'A6C9F14CD1974BC39179DD2D8B43FE4D', null);
INSERT INTO `orders` VALUES ('98CB1FA545C64BA0AD4849351D209985', '2019-05-30 23:57:27', '75.60', '4', 'A6C9F14CD1974BC39179DD2D8B43FE4D', null);
INSERT INTO `orders` VALUES ('9E948B977AE84FB294032A602983C547', '2019-06-27 23:33:49', '0.00', '2', 'A6C9F14CD1974BC39179DD2D8B43FE4D', null);
INSERT INTO `orders` VALUES ('A0DF56325DCD458689235D4987057FA8', '2019-06-28 01:05:39', '47.50', '2', 'A6C9F14CD1974BC39179DD2D8B43FE4D', null);
INSERT INTO `orders` VALUES ('A0F166A9EAF94A519B6E8BCBA3F75E0D', '2019-06-28 02:56:42', '83.30', '2', 'A6C9F14CD1974BC39179DD2D8B43FE4D', null);
INSERT INTO `orders` VALUES ('AB95D2B81B314B369356855E54C50FEB', '2019-06-28 01:37:23', '63.20', '2', 'A6C9F14CD1974BC39179DD2D8B43FE4D', null);
INSERT INTO `orders` VALUES ('AEA7D2CDB5C349E5806ECA132F08C7C3', '2019-06-28 01:39:01', '39900.00', '1', 'A6C9F14CD1974BC39179DD2D8B43FE4D', null);
INSERT INTO `orders` VALUES ('B057287D3D8E4A0BA3E5BB0242438B6B', '2019-06-28 01:26:24', '75600.00', '2', 'A6C9F14CD1974BC39179DD2D8B43FE4D', null);
INSERT INTO `orders` VALUES ('C34F6735B0E941C7992994A597C4909E', '2019-06-24 17:37:40', '83.30', '2', 'A6C9F14CD1974BC39179DD2D8B43FE4D', null);
INSERT INTO `orders` VALUES ('C8A570D2A4F24EC78E937591E98CDB55', '2019-06-28 01:09:48', '75.60', '2', 'A6C9F14CD1974BC39179DD2D8B43FE4D', null);
INSERT INTO `orders` VALUES ('CB42ABAF9038418380A94A9EE192EFCF', '2019-05-05 16:42:37', '833.00', '4', 'A6C9F14CD1974BC39179DD2D8B43FE4D', null);
INSERT INTO `orders` VALUES ('D5EF08986C2B4D6EA91F1FC5640E89D5', '2019-06-26 20:45:04', '6850.00', '4', 'A6C9F14CD1974BC39179DD2D8B43FE4D', null);
INSERT INTO `orders` VALUES ('DC3B9C6AB6324297B5C1D59E45731844', '2019-06-28 01:21:01', '75.60', '2', 'A6C9F14CD1974BC39179DD2D8B43FE4D', null);
INSERT INTO `orders` VALUES ('DDADEAD3EC1E46A7AEE8F7383087FF63', '2019-06-28 00:47:45', '75.60', '1', 'A6C9F14CD1974BC39179DD2D8B43FE4D', null);
INSERT INTO `orders` VALUES ('DDCE703F95554F738199E949F59378B1', '2019-06-28 05:52:00', '7560.00', '2', 'A6C9F14CD1974BC39179DD2D8B43FE4D', null);
INSERT INTO `orders` VALUES ('E5AC485F22DD49EF9F38109B34E9670F', '2019-06-27 23:21:52', '63.20', '2', 'A6C9F14CD1974BC39179DD2D8B43FE4D', null);
INSERT INTO `orders` VALUES ('E6EE8972B1F34AF8865C3D889E4200DA', '2019-06-28 02:33:34', '68.50', '2', 'A6C9F14CD1974BC39179DD2D8B43FE4D', null);
INSERT INTO `orders` VALUES ('E75705EAB01E4B9AAB82814DF003A422', '2019-06-24 20:06:05', '47.50', '2', 'A6C9F14CD1974BC39179DD2D8B43FE4D', null);
INSERT INTO `orders` VALUES ('E820A0B677FE4413AE166CDCD9C81B49', '2019-05-05 16:53:29', '75.60', '4', 'A6C9F14CD1974BC39179DD2D8B43FE4D', null);
INSERT INTO `orders` VALUES ('EBDC023240264DCF95AE42E7BF0DC92F', '2019-06-28 00:03:06', '63.20', '2', 'A6C9F14CD1974BC39179DD2D8B43FE4D', null);
INSERT INTO `orders` VALUES ('EBE816C42F3A477B9D370C2F0489D19B', '2019-06-28 02:26:18', '68500.00', '1', 'A6C9F14CD1974BC39179DD2D8B43FE4D', null);
INSERT INTO `orders` VALUES ('EC3078BB15994A47B06F7198AED5198A', '2019-06-28 02:12:52', '75.60', '1', 'A6C9F14CD1974BC39179DD2D8B43FE4D', null);
INSERT INTO `orders` VALUES ('EEF6440630C64EB5B3F26606B140B717', '2019-06-27 23:24:01', '30.00', '2', 'A6C9F14CD1974BC39179DD2D8B43FE4D', null);
INSERT INTO `orders` VALUES ('F0BD4C37023A44A4BDFE437B0278D4CF', '2019-06-28 01:27:26', '30.00', '2', 'A6C9F14CD1974BC39179DD2D8B43FE4D', null);
INSERT INTO `orders` VALUES ('F16F98B9A8664DFBB36D48A0EABFAA7B', '2019-06-28 02:42:56', '68.50', '2', 'A6C9F14CD1974BC39179DD2D8B43FE4D', null);
INSERT INTO `orders` VALUES ('F2C987E01A2A4E70AF7AEBE665330CC9', '2019-06-28 01:25:32', '75.60', '2', 'A6C9F14CD1974BC39179DD2D8B43FE4D', null);
INSERT INTO `orders` VALUES ('F5A227E822654AE1BE8AFF91F81D50A5', '2019-06-28 01:06:09', '39.90', '2', 'A6C9F14CD1974BC39179DD2D8B43FE4D', null);
INSERT INTO `orders` VALUES ('F5BCD2B4C9604C34991210DFA20B710B', '2019-06-28 02:07:20', '83.30', '1', 'A6C9F14CD1974BC39179DD2D8B43FE4D', null);
INSERT INTO `orders` VALUES ('F63090C7CA4540D2A47E01856EE1C3A6', '2019-06-27 23:23:12', '39.90', '2', 'A6C9F14CD1974BC39179DD2D8B43FE4D', null);
INSERT INTO `orders` VALUES ('F918DC1CA388454EBB15DAD251D47CA4', '2019-06-28 02:14:40', '47.50', '1', 'A6C9F14CD1974BC39179DD2D8B43FE4D', null);
INSERT INTO `orders` VALUES ('FDA5360B214C494B8B05E1F269940FD8', '2019-06-28 01:42:07', '75.60', '1', 'A6C9F14CD1974BC39179DD2D8B43FE4D', null);

-- ----------------------------
-- Table structure for tb_user
-- ----------------------------
DROP TABLE IF EXISTS `tb_user`;
CREATE TABLE `tb_user` (
  `uid` char(32) NOT NULL,
  `username` varchar(50) NOT NULL,
  `password` varchar(50) NOT NULL,
  `email` varchar(50) NOT NULL,
  `code` char(64) NOT NULL,
  `state` tinyint(1) DEFAULT NULL,
  PRIMARY KEY (`uid`)
) ENGINE=InnoDB DEFAULT CHARSET=utf8;

-- ----------------------------
-- Records of tb_user
-- ----------------------------
INSERT INTO `tb_user` VALUES ('82D93D920608414B8E8A56B9A17C6ECC', '131691', '123456', 'cpyl1988@163.com', '397B7434DD60495EA965BB2D38ADA2F544BAEE3D0CC74B9EADC61B7B797B2ACF', '1');
INSERT INTO `tb_user` VALUES ('8F3D98A22EBC42FD9935EAFB53C82DC3', '1222', '1234567', '2550620@qq.com', '0A5C5C3C1A9844888760BDD8AAC3C51ECE551D87CAD849A59F23EB9F7F065EE7', '0');
INSERT INTO `tb_user` VALUES ('A6C9F14CD1974BC39179DD2D8B43FE4D', 'gong', '123', '1225596928@qq.com', 'DCF0FC74F8114075B53DC4A0FE8F9465A6A190FD57234C6391CBE70DA860B5A0', '1');
INSERT INTO `tb_user` VALUES ('E176DC1BEB0C4D5DA4076B32FC66BA73', '77ed3', '123456', '2550690@qq.com', '9983FCE79A1B411C9DDBB1B87EBBCF83D532EEC6143A4DD4AE499891BAFCB259', '0');
INSERT INTO `tb_user` VALUES ('odsjhlnlkdfhdkjghdfghlfg', 'chuan', '123', 'chuan@qq.com', 'dfakjhfsdkjfhakdjg', '1');

-- ----------------------------
-- Table structure for t_customer
-- ----------------------------
DROP TABLE IF EXISTS `t_customer`;
CREATE TABLE `t_customer` (
  `cid` char(32) NOT NULL,
  `cname` varchar(40) NOT NULL,
  `gender` varchar(6) NOT NULL,
  `birthday` char(10) DEFAULT NULL,
  `cellphone` varchar(15) NOT NULL,
  `email` varchar(40) DEFAULT NULL,
  `description` varchar(500) DEFAULT NULL,
  PRIMARY KEY (`cid`)
) ENGINE=InnoDB DEFAULT CHARSET=utf8;

-- ----------------------------
-- Records of t_customer
-- ----------------------------
INSERT INTO `t_customer` VALUES ('00A9BE2705CA4686BE5325A54F2CAF22', 'cstm6', '男', '2014-07-12', '1396', 'cstm6@163.com', '我是客户6');
INSERT INTO `t_customer` VALUES ('0D1DE72491504D258B9FF4E9801E37AC', 'cstm94', '男', '2014-07-12', '13994', 'cstm94@163.com', '我是客户94');
INSERT INTO `t_customer` VALUES ('0E394111D2884495948812607581A140', 'cstm81', '女', '2014-07-12', '13981', 'cstm81@163.com', '我是客户81');
INSERT INTO `t_customer` VALUES ('14A0EC4159A84C7DA8373E29BBB8D53E', 'cstm71', '女', '2014-07-12', '13971', 'cstm71@163.com', '我是客户71');
INSERT INTO `t_customer` VALUES ('1BB194518ABE4D2C99525296D9C82D26', 'cstm3', '女', '2014-07-12', '1393', 'cstm3@163.com', '我是客户3');
INSERT INTO `t_customer` VALUES ('1CFE3567914C4FCA9F7EDD213CAFA744', 'cstm47', '女', '2014-07-12', '13947', 'cstm47@163.com', '我是客户47');
INSERT INTO `t_customer` VALUES ('23A1F36AF43348AFA682FAF394E7203D', 'cstm96', '男', '2014-07-12', '13996', 'cstm96@163.com', '我是客户96');
INSERT INTO `t_customer` VALUES ('258FFFCBFBDD4D8CA28D73ED8F4CBFD6', 'cstm59', '女', '2014-07-12', '13959', 'cstm59@163.com', '我是客户59');
INSERT INTO `t_customer` VALUES ('266F95BFE9B447338B801074426B26F1', 'cstm40', '男', '2014-07-12', '13940', 'cstm40@163.com', '我是客户40');
INSERT INTO `t_customer` VALUES ('2849C56EC8F140458D087C9B55CD1F8F', 'cstm44', '男', '2014-07-12', '13944', 'cstm44@163.com', '我是客户44');
INSERT INTO `t_customer` VALUES ('2A2B1896BCCD4308960F76EA4971FAEA', 'cstm77', '女', '2014-07-12', '13977', 'cstm77@163.com', '我是客户77');
INSERT INTO `t_customer` VALUES ('2CC2A52913C04142ABF4D5BF2AB1C060', 'cstm51', '女', '2014-07-12', '13951', 'cstm51@163.com', '我是客户51');
INSERT INTO `t_customer` VALUES ('2CC43E5D2B624EBCAB5B014E129929EE', 'cstm93', '女', '2014-07-12', '13993', 'cstm93@163.com', '我是客户93');
INSERT INTO `t_customer` VALUES ('2EAEB341B0B44DD096DEA5D030340EDB', 'cstm22', '男', '2014-07-12', '13922', 'cstm22@163.com', '我是客户22');
INSERT INTO `t_customer` VALUES ('2F4614CFA8BB4D4994009135279A6D4B', 'cstm75', '女', '2014-07-12', '13975', 'cstm75@163.com', '我是客户75');
INSERT INTO `t_customer` VALUES ('34D2FABCC4664EF98BC63543A45ADBA0', 'cstm21', '女', '2014-07-12', '13921', 'cstm21@163.com', '我是客户21');
INSERT INTO `t_customer` VALUES ('3546D3C8BF084BB2BBD150257A7D45F5', 'cstm68', '男', '2014-07-12', '13968', 'cstm68@163.com', '我是客户68');
INSERT INTO `t_customer` VALUES ('365A4AD26B8E45879B18A08E19DE3EEF', 'cstm43', '女', '2014-07-12', '13943', 'cstm43@163.com', '我是客户43');
INSERT INTO `t_customer` VALUES ('392C128474154DCCBE56131C1511E935', 'cstm19', '女', '2014-07-12', '13919', 'cstm19@163.com', '我是客户19');
INSERT INTO `t_customer` VALUES ('3BB888326B284449A62E9950B7819901', 'cstm82', '男', '2014-07-12', '13982', 'cstm82@163.com', '我是客户82');
INSERT INTO `t_customer` VALUES ('3E87EEE9CCF04AEFB57B9CCEF6A1D710', 'cstm25', '女', '2014-07-12', '13925', 'cstm25@163.com', '我是客户25');
INSERT INTO `t_customer` VALUES ('498346F73F444A92B38661A3415DB7BF', 'cstm26', '男', '2014-07-12', '13926', 'cstm26@163.com', '我是客户26');
INSERT INTO `t_customer` VALUES ('4BAF690DE90B4C6C8E6AE84E162CE6CA', 'cstm54', '男', '2014-07-12', '13954', 'cstm54@163.com', '我是客户54');
INSERT INTO `t_customer` VALUES ('4CC3DEFA46864E138800EFDA29FAFC3B', 'cstm27', '女', '2014-07-12', '13927', 'cstm27@163.com', '我是客户27');
INSERT INTO `t_customer` VALUES ('535CB89CA16542D2B5B04AFE5EE46E46', 'cstm45', '女', '2014-07-12', '13945', 'cstm45@163.com', '我是客户45');
INSERT INTO `t_customer` VALUES ('562359D2E487411A8C887BE9C258920C', 'cstm56', '男', '2014-07-12', '13956', 'cstm56@163.com', '我是客户56');
INSERT INTO `t_customer` VALUES ('573DAC11F07747CEB9BD9F68D9734BBB', 'cstm30', '男', '2014-07-12', '13930', 'cstm30@163.com', '我是客户30');
INSERT INTO `t_customer` VALUES ('5882451687C8491AB064CC1ADC4A2E7E', 'cstm34', '男', '2014-07-12', '13934', 'cstm34@163.com', '我是客户34');
INSERT INTO `t_customer` VALUES ('5A2B6D1D3C1149DA8D47BE60FB31D0A6', 'cstm2', '男', '2014-07-12', '1392', 'cstm2@163.com', '我是客户2');
INSERT INTO `t_customer` VALUES ('5AF3D110299A4FD89FFBDB12E78BD40D', 'cstm8', '男', '2014-07-12', '1398', 'cstm8@163.com', '我是客户8');
INSERT INTO `t_customer` VALUES ('5BAFF171F02E4286AD001955F2224926', 'cstm74', '男', '2014-07-12', '13974', 'cstm74@163.com', '我是客户74');
INSERT INTO `t_customer` VALUES ('5E898E9B3CAA4D819384A8D26CC75800', 'cstm80', '男', '2014-07-12', '13980', 'cstm80@163.com', '我是客户80');
INSERT INTO `t_customer` VALUES ('626B90574B4E45F7839F2DB8E156F242', 'cstm10', '男', '2014-07-12', '13910', 'cstm10@163.com', '我是客户10');
INSERT INTO `t_customer` VALUES ('64266DAC76B34C62BDFC892A445F4352', 'cstm99', '女', '2014-07-12', '13999', 'cstm99@163.com', '我是客户99');
INSERT INTO `t_customer` VALUES ('64BE733BB42A4A86BD15D531F5567FB3', 'cstm72', '男', '2014-07-12', '13972', 'cstm72@163.com', '我是客户72');
INSERT INTO `t_customer` VALUES ('6EE958478CD84C1C89D7C417F265E049', 'cstm50', '男', '2014-07-12', '13950', 'cstm50@163.com', '我是客户50');
INSERT INTO `t_customer` VALUES ('7002D1278D44452CA3E418FBC42DFC24', 'cstm58', '男', '2014-07-12', '13958', 'cstm58@163.com', '我是客户58');
INSERT INTO `t_customer` VALUES ('7355E3B5A463418DAAB5293A3CD73822', 'cstm39', '女', '2014-07-12', '13939', 'cstm39@163.com', '我是客户39');
INSERT INTO `t_customer` VALUES ('7481888ADF084D119EA8A1B3A030AB66', 'cstm73', '女', '2014-07-12', '13973', 'cstm73@163.com', '我是客户73');
INSERT INTO `t_customer` VALUES ('76B8C6A1106C4A56A924D52B8B0ECD85', 'cstm89', '女', '2014-07-12', '13989', 'cstm89@163.com', '我是客户89');
INSERT INTO `t_customer` VALUES ('7A52D6DF7B064569A30BC8551BAAC54C', 'cstm57', '女', '2014-07-12', '13957', 'cstm57@163.com', '我是客户57');
INSERT INTO `t_customer` VALUES ('82F813EA8FF0423184AC4C894355B778', 'cstm62', '男', '2014-07-12', '13962', 'cstm62@163.com', '我是客户62');
INSERT INTO `t_customer` VALUES ('8359FCE6737442C7A5798575C6C968E0', 'cstm42', '男', '2014-07-12', '13942', 'cstm42@163.com', '我是客户42');
INSERT INTO `t_customer` VALUES ('86EF28F79D7A424DBACFFCD02BC2BC1F', 'cstm32', '男', '2014-07-12', '13932', 'cstm32@163.com', '我是客户32');
INSERT INTO `t_customer` VALUES ('87A679B059304DDAB70D20DC6ECD8499', 'cstm85', '女', '2014-07-12', '13985', 'cstm85@163.com', '我是客户85');
INSERT INTO `t_customer` VALUES ('88F2C55237CC4FBC9FC3D5C0EE2F36AE', 'cstm83', '女', '2014-07-12', '13983', 'cstm83@163.com', '我是客户83');
INSERT INTO `t_customer` VALUES ('891D0B0396EF41A38EF2818943164BDC', 'cstm5', '女', '2014-07-12', '1395', 'cstm5@163.com', '我是客户5');
INSERT INTO `t_customer` VALUES ('8D6017557339411AB3B73D5EE8EC399A', '李四', '女', '2018-09-11', '121134', '2324@162.com', '我是李家老四');
INSERT INTO `t_customer` VALUES ('8DAC02987D0D48E18B8808770150DAC4', 'cstm79', '女', '2014-07-12', '13979', 'cstm79@163.com', '我是客户79');
INSERT INTO `t_customer` VALUES ('8F4D7B51106D4323A585752850A3A766', 'cstm78', '男', '2014-07-12', '13978', 'cstm78@163.com', '我是客户78');
INSERT INTO `t_customer` VALUES ('904B757B79B8463EBA76444235D995F0', 'cstm46', '男', '2014-07-12', '13946', 'cstm46@163.com', '我是客户46');
INSERT INTO `t_customer` VALUES ('914D177B69644270B4FB99F1C626E2F1', 'cstm36', '男', '2014-07-12', '13936', 'cstm36@163.com', '我是客户36');
INSERT INTO `t_customer` VALUES ('91BFF782242E44D89145F1FC12621544', 'cstm17', '女', '2014-07-12', '13917', 'cstm17@163.com', '我是客户17');
INSERT INTO `t_customer` VALUES ('922090E614CD4DB3BE8B05A6FEAA069F', 'cstm28', '男', '2014-07-12', '13928', 'cstm28@163.com', '我是客户28');
INSERT INTO `t_customer` VALUES ('9271BAD9EE5C49ACBBDB4BF734FDF323', 'cstm70', '男', '2014-07-12', '13970', 'cstm70@163.com', '我是客户70');
INSERT INTO `t_customer` VALUES ('94262BDFC1E54666BF303E00482BE9F0', 'cstm41', '女', '2014-07-12', '13941', 'cstm41@163.com', '我是客户41');
INSERT INTO `t_customer` VALUES ('9872A003C90849C29925B552D867496E', 'cstm49', '女', '2014-07-12', '13949', 'cstm49@163.com', '我是客户49');
INSERT INTO `t_customer` VALUES ('98B0D586B23044EB9299501CD06057C9', 'cstm53', '女', '2014-07-12', '13953', 'cstm53@163.com', '我是客户53');
INSERT INTO `t_customer` VALUES ('9DA5B9AB045A4CCC84D919C354BD0273', 'cstm20', '男', '2014-07-12', '13920', 'cstm20@163.com', '我是客户20');
INSERT INTO `t_customer` VALUES ('9F63BB84F3E84426A84F765C58116382', 'cstm7', '女', '2014-07-12', '1397', 'cstm7@163.com', '我是客户7');
INSERT INTO `t_customer` VALUES ('A098BD4ED12749B7B6A373E2DD7B8AD4', 'cstm76', '男', '2014-07-12', '13976', 'cstm76@163.com', '我是客户76');
INSERT INTO `t_customer` VALUES ('A57B20D64B8745E293AF24AFE05678FB', 'cstm38', '男', '2014-07-12', '13938', 'cstm38@163.com', '我是客户38');
INSERT INTO `t_customer` VALUES ('A602507839354C76AC63E474FFE9139D', 'cstm48', '男', '2014-07-12', '13948', 'cstm48@163.com', '我是客户48');
INSERT INTO `t_customer` VALUES ('A86111AF90F44524AE9225B0FF09A1F0', 'cstm67', '女', '2014-07-12', '13967', 'cstm67@163.com', '我是客户67');
INSERT INTO `t_customer` VALUES ('A901C91EAC4648EF98BB9589761735D0', 'cstm55', '女', '2014-07-12', '13955', 'cstm55@163.com', '我是客户55');
INSERT INTO `t_customer` VALUES ('AC66BADBDE194381B4CFC4FD8F3F1E6F', 'cstm66', '男', '2014-07-12', '13966', 'cstm66@163.com', '我是客户66');
INSERT INTO `t_customer` VALUES ('AF21680EDC224319A0ECA51D456252FC', 'cstm92', '男', '2014-07-12', '13992', 'cstm92@163.com', '我是客户92');
INSERT INTO `t_customer` VALUES ('B1BEBEFDD9BC470399AA047EC66704DC', 'cstm87', '女', '2014-07-12', '13987', 'cstm87@163.com', '我是客户87');
INSERT INTO `t_customer` VALUES ('BA62E71B56BC4FA29BC9B52C93C7214A', 'cstm91', '女', '2014-07-12', '13991', 'cstm91@163.com', '我是客户91');
INSERT INTO `t_customer` VALUES ('BA7DFE3C5796448D9DB6C839EE4FD6CE', 'cstm35', '女', '2014-07-12', '13935', 'cstm35@163.com', '我是客户35');
INSERT INTO `t_customer` VALUES ('BB1814817E0E41468FB67EFD178FCF74', 'cstm9', '女', '2014-07-12', '1399', 'cstm9@163.com', '我是客户9');
INSERT INTO `t_customer` VALUES ('BC83F5460A1E4DA58040663B441DCC2C', 'cstm65', '女', '2014-07-12', '13965', 'cstm65@163.com', '我是客户65');
INSERT INTO `t_customer` VALUES ('BE299D7C85D14A00B201E096BF1AFFCA', 'cstm23', '女', '2014-07-12', '13923', 'cstm23@163.com', '我是客户23');
INSERT INTO `t_customer` VALUES ('BE97C10473A5424094E66F5F46203329', 'cstm64', '男', '2014-07-12', '13964', 'cstm64@163.com', '我是客户64');
INSERT INTO `t_customer` VALUES ('BFFBEB9945C44AD5A6B0B2B3B97DFC90', 'cstm95', '女', '2014-07-12', '13995', 'cstm95@163.com', '我是客户95');
INSERT INTO `t_customer` VALUES ('C08FC58882FD49B796965CDA8A4CE64B', 'cstm88', '男', '2014-07-12', '13988', 'cstm88@163.com', '我是客户88');
INSERT INTO `t_customer` VALUES ('C0E7E687ECB14DEF983F23D612F62521', 'cstm11', '女', '2014-07-12', '13911', 'cstm11@163.com', '我是客户11');
INSERT INTO `t_customer` VALUES ('C3899B4DEB534D10834C6DBA4BA2F82F', 'cstm63', '女', '2014-07-12', '13963', 'cstm63@163.com', '我是客户63');
INSERT INTO `t_customer` VALUES ('CA31BD3AFB064D1D8427CB36161FECC2', 'cstm37', '女', '2014-07-12', '13937', 'cstm37@163.com', '我是客户37');
INSERT INTO `t_customer` VALUES ('CCDF9068CD734D0D85A3F9BB73C11475', 'cstm61', '女', '2014-07-12', '13961', 'cstm61@163.com', '我是客户61');
INSERT INTO `t_customer` VALUES ('D79ECFD07FE8465187EAFBB1F3E27386', 'cstm4', '男', '2014-07-12', '1394', 'cstm4@163.com', '我是客户4');
INSERT INTO `t_customer` VALUES ('DBE575B8BDF249A0A16596AD672B953A', 'cstm84', '男', '2014-07-12', '13984', 'cstm84@163.com', '我是客户84');
INSERT INTO `t_customer` VALUES ('E1DDC4AC255A422E8E48D34AADD148FC', 'cstm18', '男', '2014-07-12', '13918', 'cstm18@163.com', '我是客户18');
INSERT INTO `t_customer` VALUES ('E2C854036A1447A6BBD56CA50BA4114B', 'cstm86', '男', '2014-07-12', '13986', 'cstm86@163.com', '我是客户86');
INSERT INTO `t_customer` VALUES ('E41C71172CB74402B384D6C5572396F7', 'cstm60', '男', '2014-07-12', '13960', 'cstm60@163.com', '我是客户60');
INSERT INTO `t_customer` VALUES ('E4A477A6200F449DAEB213285B060BE3', 'cstm15', '女', '2014-07-12', '13915', 'cstm15@163.com', '我是客户15');
INSERT INTO `t_customer` VALUES ('E656675F7ACD40AFB954D4F400518F66', 'cstm90', '男', '2014-07-12', '13990', 'cstm90@163.com', '我是客户90');
INSERT INTO `t_customer` VALUES ('E67BC0E4E07340D49C659751E372389A', 'cstm33', '女', '2014-07-12', '13933', 'cstm33@163.com', '我是客户33');
INSERT INTO `t_customer` VALUES ('E6A6AECAA8AB473F99432A1C68CF4A3D', 'cstm16', '男', '2014-07-12', '13916', 'cstm16@163.com', '我是客户16');
INSERT INTO `t_customer` VALUES ('E6C8557E93EF4FA48E6A490D58B19C86', 'cstm52', '男', '2014-07-12', '13952', 'cstm52@163.com', '我是客户52');
INSERT INTO `t_customer` VALUES ('E874FE6742A54BC2A13CF945B4AF98A6', 'cstm29', '女', '2014-07-12', '13929', 'cstm29@163.com', '我是客户29');
INSERT INTO `t_customer` VALUES ('EAB06BB50C364C0DB6C0C687D32E7511', 'cstm14', '男', '2014-07-12', '13914', 'cstm14@163.com', '我是客户14');
INSERT INTO `t_customer` VALUES ('ECF6CC05371347969C2746D44BCD9436', 'cstm31', '女', '2014-07-12', '13931', 'cstm31@163.com', '我是客户31');
INSERT INTO `t_customer` VALUES ('ED57E28D9D924A4DB07B781CBE7DB300', 'cstm98', '男', '2014-07-12', '13998', 'cstm98@163.com', '我是客户98');
INSERT INTO `t_customer` VALUES ('F22BB752A701428AB45A7640B5EEC188', 'cstm69', '女', '2014-07-12', '13969', 'cstm69@163.com', '我是客户69');
INSERT INTO `t_customer` VALUES ('FD3FC2B106E04F9AB44ECD5666F442E1', 'cstm12', '男', '2014-07-12', '13912', 'cstm12@163.com', '我是客户12');
INSERT INTO `t_customer` VALUES ('FE43D4AF99C3421A82A6E941AEE49180', 'cstm24', '男', '2014-07-12', '13924', 'cstm24@163.com', '我是客户24');
INSERT INTO `t_customer` VALUES ('FF4BDD7DFC0A4F77883E2AA448441BC7', 'cstm1', '女', '2014-07-12', '1391', 'cstm1@163.com', '我是客户1');
INSERT INTO `t_customer` VALUES ('FF85089D70A74CB9A0204CC6ACB3DF09', 'cstm97', '女', '2014-07-12', '13997', 'cstm97@163.com', '我是客户97');
